,precision,recall,f1-score,support
0,0.9440855660277454,0.9751695471450449,0.959375840731773,9142.0
1,0.9743241714738152,0.9422445854298841,0.9580159039092476,9142.0
accuracy,0.9587070662874645,0.9587070662874645,0.9587070662874645,0.9587070662874645
macro avg,0.9592048687507804,0.9587070662874645,0.9586958723205103,18284.0
weighted avg,0.9592048687507803,0.9587070662874645,0.9586958723205103,18284.0
