,precision,recall,f1-score,support
0,0.8008577721108149,0.7557427258805512,0.7776464629410772,9142.0
1,0.7687687687687688,0.8120761321373878,0.789829246236502,9142.0
accuracy,0.7839094290089695,0.7839094290089695,0.7839094290089695,0.7839094290089695
macro avg,0.7848132704397919,0.7839094290089695,0.7837378545887896,18284.0
weighted avg,0.7848132704397918,0.7839094290089695,0.7837378545887895,18284.0
