,precision,recall,f1-score,support
0,0.9746143958868895,0.9952964340406913,0.9848468448966339,9142.0
1,0.9951944568618686,0.9740756945963684,0.9845218352681039,9142.0
accuracy,0.9846860643185299,0.9846860643185299,0.9846860643185299,0.9846860643185299
macro avg,0.984904426374379,0.9846860643185299,0.9846843400823688,18284.0
weighted avg,0.984904426374379,0.9846860643185299,0.9846843400823687,18284.0
